Workbook

Sheet Start here

Sheet Step 1- Enter data
A1: Video Name
A2: Date
A3: Group Number:
A5: Top 1/3 region | C5: Bottom 1/3 region
A6: Entry | B6: Exit | C6: Entry | D6: Exit
A7: 1.4351852e-05 | B7: 2.6967593e-05 | C7: 0 | D7: 1.1689815e-05 | E7: <-- Example for how to write the timestamps
E8: <-- Start your data entry here

Sheet Step 2- Convert and Save
A1: Group Number | B1: Top Region Entry | C1: Top Region Exit | D1: Bottom Region Entry | E1: Bottom Region Exit
A2: ='Step 1- Enter data'!$B$3 -> 0 | B2: =('Step 1- Enter data'!A8)*24*3600 -> 0 | C2: =('Step 1- Enter data'!B8)*24*3600 -> 0 | D2: =('Step 1- Enter data'!C8)*24*3600 -> 0 | E2: =('Step 1- Enter data'!D8)*24*3600 -> 0
A3: ='Step 1- Enter data'!$B$3 -> 0 | B3: =('Step 1- Enter data'!A9)*24*3600 -> 0 | C3: =('Step 1- Enter data'!B9)*24*3600 -> 0 | D3: =('Step 1- Enter data'!C9)*24*3600 -> 0 | E3: =('Step 1- Enter data'!D9)*24*3600 -> 0
A4: ='Step 1- Enter data'!$B$3 -> 0 | B4: =('Step 1- Enter data'!A10)*24*3600 -> 0 | C4: =('Step 1- Enter data'!B10)*24*3600 -> 0 | D4: =('Step 1- Enter data'!C10)*24*3600 -> 0 | E4: =('Step 1- Enter data'!D10)*24*3600 -> 0
A5: ='Step 1- Enter data'!$B$3 -> 0 | B5: =('Step 1- Enter data'!A11)*24*3600 -> 0 | C5: =('Step 1- Enter data'!B11)*24*3600 -> 0 | D5: =('Step 1- Enter data'!C11)*24*3600 -> 0 | E5: =('Step 1- Enter data'!D11)*24*3600 -> 0
A6: ='Step 1- Enter data'!$B$3 -> 0 | B6: =('Step 1- Enter data'!A12)*24*3600 -> 0 | C6: =('Step 1- Enter data'!B12)*24*3600 -> 0 | D6: =('Step 1- Enter data'!C12)*24*3600 -> 0 | E6: =('Step 1- Enter data'!D12)*24*3600 -> 0
A7: ='Step 1- Enter data'!$B$3 -> 0 | B7: =('Step 1- Enter data'!A13)*24*3600 -> 0 | C7: =('Step 1- Enter data'!B13)*24*3600 -> 0 | D7: =('Step 1- Enter data'!C13)*24*3600 -> 0 | E7: =('Step 1- Enter data'!D13)*24*3600 -> 0
A8: ='Step 1- Enter data'!$B$3 -> 0 | B8: =('Step 1- Enter data'!A14)*24*3600 -> 0 | C8: =('Step 1- Enter data'!B14)*24*3600 -> 0 | D8: =('Step 1- Enter data'!C14)*24*3600 -> 0 | E8: =('Step 1- Enter data'!D14)*24*3600 -> 0
A9: ='Step 1- Enter data'!$B$3 -> 0 | B9: =('Step 1- Enter data'!A15)*24*3600 -> 0 | C9: =('Step 1- Enter data'!B15)*24*3600 -> 0 | D9: =('Step 1- Enter data'!C15)*24*3600 -> 0 | E9: =('Step 1- Enter data'!D15)*24*3600 -> 0
A10: ='Step 1- Enter data'!$B$3 -> 0 | B10: =('Step 1- Enter data'!A16)*24*3600 -> 0 | C10: =('Step 1- Enter data'!B16)*24*3600 -> 0 | D10: =('Step 1- Enter data'!C16)*24*3600 -> 0 | E10: =('Step 1- Enter data'!D16)*24*3600 -> 0
A11: ='Step 1- Enter data'!$B$3 -> 0 | B11: =('Step 1- Enter data'!A17)*24*3600 -> 0 | C11: =('Step 1- Enter data'!B17)*24*3600 -> 0 | D11: =('Step 1- Enter data'!C17)*24*3600 -> 0 | E11: =('Step 1- Enter data'!D17)*24*3600 -> 0
A12: ='Step 1- Enter data'!$B$3 -> 0 | B12: =('Step 1- Enter data'!A18)*24*3600 -> 0 | C12: =('Step 1- Enter data'!B18)*24*3600 -> 0 | D12: =('Step 1- Enter data'!C18)*24*3600 -> 0 | E12: =('Step 1- Enter data'!D18)*24*3600 -> 0
A13: ='Step 1- Enter data'!$B$3 -> 0 | B13: =('Step 1- Enter data'!A19)*24*3600 -> 0 | C13: =('Step 1- Enter data'!B19)*24*3600 -> 0 | D13: =('Step 1- Enter data'!C19)*24*3600 -> 0 | E13: =('Step 1- Enter data'!D19)*24*3600 -> 0
... A35: ='Step 1- Enter data'!$B$3 -> 0 | B35: =('Step 1- Enter data'!A41)*24*3600 -> 0 | C35: =('Step 1- Enter data'!B41)*24*3600 -> 0 | D35: =('Step 1- Enter data'!C41)*24*3600 -> 0 | E35: =('Step 1- Enter data'!D41)*24*3600 -> 0
